order_date,ip_address,meta_value
2025-05-08 22:36:36,118.99.118.196,9
2025-05-08 22:53:26,118.99.118.196,20
2025-05-08 22:56:25,118.99.118.196,31
2025-05-08 22:59:51,118.99.118.196,40
2025-05-08 23:02:06,118.99.118.196,50
2025-05-08 23:10:21,118.99.118.196,59
2025-05-08 23:12:14,118.99.118.196,69
2025-05-08 23:19:30,118.99.118.196,79
2025-05-08 23:23:15,118.99.118.196,89
2025-05-08 23:25:58,118.99.118.196,97
2025-05-08 23:28:35,118.99.118.196,106
2025-05-08 23:30:49,118.99.118.196,115
2025-05-09 14:08:55,114.10.137.72,14
2025-05-09 14:14:17,114.10.137.72,30
2025-05-09 14:17:37,114.10.137.72,39
2025-05-09 14:20:17,114.10.137.72,46
2025-05-09 14:23:08,114.10.137.72,54
2025-05-09 14:26:15,114.10.137.72,62
2025-05-09 14:28:54,114.10.137.72,70
2025-05-09 14:31:28,114.10.137.72,79
2025-05-09 14:34:08,114.10.137.72,88
2025-05-09 14:36:31,114.10.137.72,96
2025-05-09 14:39:27,114.10.137.72,105
2025-05-09 14:41:49,114.10.137.72,112
2025-05-09 15:25:46,118.99.64.211,10
2025-05-09 15:34:35,118.99.64.211,27
2025-05-09 15:37:30,118.99.64.211,37
2025-05-09 15:39:17,118.99.64.211,46
2025-05-09 15:41:10,118.99.64.211,56
2025-05-09 15:42:53,118.99.64.211,65
2025-05-09 15:44:29,118.99.64.211,73
2025-05-09 15:46:05,118.99.64.211,83
2025-05-09 15:48:01,118.99.64.211,92
2025-05-09 15:49:50,118.99.64.211,101
2025-05-09 15:51:23,118.99.64.211,110
2025-05-09 15:53:50,118.99.64.211,122
2025-05-09 16:31:12,180.242.232.29,25
2025-05-09 16:34:01,180.242.232.29,36
2025-05-09 16:38:41,180.242.232.29,43
2025-05-09 16:48:14,180.242.232.29,54
2025-05-09 16:50:32,180.242.232.29,61
2025-05-09 16:53:57,180.242.232.29,75
2025-05-09 16:55:54,180.242.232.29,83
2025-05-09 16:59:00,180.242.232.29,90
2025-05-09 17:00:25,103.3.221.19,10
2025-05-09 17:01:14,180.242.232.29,96
2025-05-09 17:02:46,180.242.232.29,103
2025-05-09 17:04:14,180.242.232.29,109
2025-05-09 17:28:14,103.3.221.19,27
2025-05-09 17:33:43,103.3.221.19,35
2025-05-09 17:38:08,103.3.221.19,43
2025-05-09 17:42:15,103.3.221.19,52
2025-05-10 04:02:09,103.154.110.177,6
2025-05-10 04:13:21,103.154.110.177,25
2025-05-10 04:15:20,103.154.110.177,33
2025-05-10 04:17:23,103.154.110.177,43
2025-05-10 04:19:47,103.154.110.177,51
2025-05-10 04:21:20,103.154.110.177,61
2025-05-10 04:23:03,103.154.110.177,70
2025-05-10 04:26:25,103.154.110.177,78
2025-05-10 04:34:28,103.154.110.177,86
2025-05-10 04:42:13,103.154.110.177,94
2025-05-10 04:44:00,103.154.110.177,102
2025-05-10 05:59:01,180.243.107.39,18
2025-05-10 06:01:07,180.243.107.39,25
2025-05-10 06:03:14,180.243.107.39,32
2025-05-10 06:04:51,180.243.107.39,42
2025-05-10 06:06:21,180.243.107.39,49
2025-05-10 06:06:27,180.242.235.124,10
2025-05-10 06:08:56,180.243.107.39,56
2025-05-10 06:11:13,180.242.235.124,20
2025-05-10 06:11:41,180.243.107.39,64
2025-05-10 06:14:01,180.243.107.39,71
2025-05-10 06:14:06,180.242.235.124,30
2025-05-10 06:16:13,180.243.107.39,79
2025-05-10 06:18:13,180.242.235.124,43
2025-05-10 06:18:40,180.243.107.39,87
2025-05-10 06:21:33,180.242.235.124,50
2025-05-10 06:21:58,180.243.107.39,98
2025-05-10 06:23:31,180.242.235.124,57
2025-05-10 06:27:14,180.242.235.124,70
2025-05-10 06:28:58,180.243.107.39,109
2025-05-10 06:29:50,180.242.235.124,79
2025-05-10 06:31:48,180.242.235.124,86
2025-05-10 06:32:18,180.243.107.39,120
2025-05-10 06:34:45,180.242.235.124,93
2025-05-10 06:34:46,180.243.107.39,127
2025-05-10 06:35:39,180.243.107.39,134
2025-05-10 06:36:37,180.242.235.124,101
2025-05-10 06:36:48,180.243.107.39,142
2025-05-10 06:38:55,180.242.235.124,111
2025-05-10 06:40:57,180.243.107.39,149
2025-05-10 06:43:32,180.243.107.39,157
2025-05-10 06:45:01,180.243.107.39,164
2025-05-10 07:10:30,180.243.107.39,173
2025-05-10 07:12:41,180.243.107.39,182
2025-05-10 07:13:51,180.243.107.39,190
2025-05-10 07:15:40,180.243.107.39,197
2025-05-10 07:17:02,180.243.107.39,203
2025-05-10 07:18:16,180.243.107.39,210
2025-05-10 07:19:43,180.243.107.39,216
2025-05-10 07:20:38,180.243.107.39,223
2025-05-10 07:50:35,180.248.184.92,7
2025-05-10 07:54:18,180.248.184.92,19
2025-05-10 07:56:18,180.248.184.92,26
2025-05-10 08:01:50,180.248.184.92,39
2025-05-10 08:08:08,180.248.184.92,48
2025-05-10 08:10:36,180.248.184.92,57
2025-05-10 08:13:52,180.248.184.92,68
2025-05-10 08:17:14,180.248.184.92,79
